"original","filename","order"
"photos/photo_1@18-08-2026_17-12-57.jpg","D:\TK_miniapp\docs\menu_assets_from_telegram\01_photo_1@18-08-2026_17-12-57.jpg","1"
"photos/photo_10@18-08-2026_17-12-57.jpg","D:\TK_miniapp\docs\menu_assets_from_telegram\02_photo_10@18-08-2026_17-12-57.jpg","2"
"photos/photo_11@18-08-2026_17-12-57.jpg","D:\TK_miniapp\docs\menu_assets_from_telegram\03_photo_11@18-08-2026_17-12-57.jpg","3"
"photos/photo_12@18-08-2026_17-12-57.jpg","D:\TK_miniapp\docs\menu_assets_from_telegram\04_photo_12@18-08-2026_17-12-57.jpg","4"
"photos/photo_13@18-08-2026_17-12-57.jpg","D:\TK_miniapp\docs\menu_assets_from_telegram\05_photo_13@18-08-2026_17-12-57.jpg","5"
"photos/photo_14@18-08-2026_17-12-57.jpg","D:\TK_miniapp\docs\menu_assets_from_telegram\06_photo_14@18-08-2026_17-12-57.jpg","6"
"photos/photo_15@18-08-2026_17-12-57.jpg","D:\TK_miniapp\docs\menu_assets_from_telegram\07_photo_15@18-08-2026_17-12-57.jpg","7"
"photos/photo_16@18-08-2026_17-12-57.jpg","D:\TK_miniapp\docs\menu_assets_from_telegram\08_photo_16@18-08-2026_17-12-57.jpg","8"
"photos/photo_17@18-08-2026_17-12-57.jpg","D:\TK_miniapp\docs\menu_assets_from_telegram\09_photo_17@18-08-2026_17-12-57.jpg","9"
"photos/photo_18@18-08-2026_17-12-57.jpg","D:\TK_miniapp\docs\menu_assets_from_telegram\10_photo_18@18-08-2026_17-12-57.jpg","10"
"photos/photo_19@18-08-2026_17-12-57.jpg","D:\TK_miniapp\docs\menu_assets_from_telegram\11_photo_19@18-08-2026_17-12-57.jpg","11"
"photos/photo_2@18-08-2026_17-12-57.jpg","D:\TK_miniapp\docs\menu_assets_from_telegram\12_photo_2@18-08-2026_17-12-57.jpg","12"
"photos/photo_20@18-08-2026_17-12-57.jpg","D:\TK_miniapp\docs\menu_assets_from_telegram\13_photo_20@18-08-2026_17-12-57.jpg","13"
"photos/photo_21@18-08-2026_17-12-57.jpg","D:\TK_miniapp\docs\menu_assets_from_telegram\14_photo_21@18-08-2026_17-12-57.jpg","14"
"photos/photo_22@18-08-2026_17-12-57.jpg","D:\TK_miniapp\docs\menu_assets_from_telegram\15_photo_22@18-08-2026_17-12-57.jpg","15"
"photos/photo_23@18-08-2026_17-12-57.jpg","D:\TK_miniapp\docs\menu_assets_from_telegram\16_photo_23@18-08-2026_17-12-57.jpg","16"
"photos/photo_24@18-08-2026_17-12-57.jpg","D:\TK_miniapp\docs\menu_assets_from_telegram\17_photo_24@18-08-2026_17-12-57.jpg","17"
"photos/photo_25@18-08-2026_17-12-57.jpg","D:\TK_miniapp\docs\menu_assets_from_telegram\18_photo_25@18-08-2026_17-12-57.jpg","18"
"photos/photo_26@18-08-2026_17-12-57.jpg","D:\TK_miniapp\docs\menu_assets_from_telegram\19_photo_26@18-08-2026_17-12-57.jpg","19"
"photos/photo_27@18-08-2026_17-12-57.jpg","D:\TK_miniapp\docs\menu_assets_from_telegram\20_photo_27@18-08-2026_17-12-57.jpg","20"
"photos/photo_28@18-08-2026_17-12-57.jpg","D:\TK_miniapp\docs\menu_assets_from_telegram\21_photo_28@18-08-2026_17-12-57.jpg","21"
"photos/photo_29@18-08-2026_17-12-57.jpg","D:\TK_miniapp\docs\menu_assets_from_telegram\22_photo_29@18-08-2026_17-12-57.jpg","22"
"photos/photo_3@18-08-2026_17-12-57.jpg","D:\TK_miniapp\docs\menu_assets_from_telegram\23_photo_3@18-08-2026_17-12-57.jpg","23"
"photos/photo_30@18-08-2026_17-12-57.jpg","D:\TK_miniapp\docs\menu_assets_from_telegram\24_photo_30@18-08-2026_17-12-57.jpg","24"
"photos/photo_31@18-08-2026_17-12-57.jpg","D:\TK_miniapp\docs\menu_assets_from_telegram\25_photo_31@18-08-2026_17-12-57.jpg","25"
"photos/photo_32@18-08-2026_17-12-57.jpg","D:\TK_miniapp\docs\menu_assets_from_telegram\26_photo_32@18-08-2026_17-12-57.jpg","26"
"photos/photo_33@18-08-2026_17-12-57.jpg","D:\TK_miniapp\docs\menu_assets_from_telegram\27_photo_33@18-08-2026_17-12-57.jpg","27"
"photos/photo_34@18-08-2026_17-12-57.jpg","D:\TK_miniapp\docs\menu_assets_from_telegram\28_photo_34@18-08-2026_17-12-57.jpg","28"
"photos/photo_35@18-08-2026_17-16-07.jpg","D:\TK_miniapp\docs\menu_assets_from_telegram\29_photo_35@18-08-2026_17-16-07.jpg","29"
"photos/photo_36@18-08-2026_17-16-17.jpg","D:\TK_miniapp\docs\menu_assets_from_telegram\30_photo_36@18-08-2026_17-16-17.jpg","30"
"photos/photo_37@18-08-2026_17-16-30.jpg","D:\TK_miniapp\docs\menu_assets_from_telegram\31_photo_37@18-08-2026_17-16-30.jpg","31"
"photos/photo_38@18-08-2026_17-16-44.jpg","D:\TK_miniapp\docs\menu_assets_from_telegram\32_photo_38@18-08-2026_17-16-44.jpg","32"
"photos/photo_39@18-08-2026_17-17-08.jpg","D:\TK_miniapp\docs\menu_assets_from_telegram\33_photo_39@18-08-2026_17-17-08.jpg","33"
"photos/photo_4@18-08-2026_17-12-57.jpg","D:\TK_miniapp\docs\menu_assets_from_telegram\34_photo_4@18-08-2026_17-12-57.jpg","34"
"photos/photo_5@18-08-2026_17-12-57.jpg","D:\TK_miniapp\docs\menu_assets_from_telegram\35_photo_5@18-08-2026_17-12-57.jpg","35"
"photos/photo_6@18-08-2026_17-12-57.jpg","D:\TK_miniapp\docs\menu_assets_from_telegram\36_photo_6@18-08-2026_17-12-57.jpg","36"
"photos/photo_7@18-08-2026_17-12-57.jpg","D:\TK_miniapp\docs\menu_assets_from_telegram\37_photo_7@18-08-2026_17-12-57.jpg","37"
"photos/photo_8@18-08-2026_17-12-57.jpg","D:\TK_miniapp\docs\menu_assets_from_telegram\38_photo_8@18-08-2026_17-12-57.jpg","38"
"photos/photo_9@18-08-2026_17-12-57.jpg","D:\TK_miniapp\docs\menu_assets_from_telegram\39_photo_9@18-08-2026_17-12-57.jpg","39"
